{
  "generatedBy": "Microsoft.NET.Sdk.Functions-3.0.7",
  "configurationSource": "attributes",
  "bindings": [
    {
      "type": "cosmosDBTrigger",
      "connectionStringSetting": "CosmosDBConnection",
      "leaseCollectionName": "leases",
      "createLeaseCollectionIfNotExists": true,
      "collectionName": "metadata",
      "databaseName": "media",
      "leaseDatabaseName": "media",
      "startFromBeginning": false,
      "useMultipleWriteLocations": false,
      "useDefaultJsonSerialization": false,
      "name": "input"
    }
  ],
  "disabled": false,
  "scriptFile": "../bin/function.dll",
  "entryPoint": "function.CosmosDBTrigger.Run"
}